Causa,1997ADef,1997ATasa*,1997HDef,1997HTasa*,1997MDef,1997MTasa*,1998ADef,1998ATasa*,1998HDef,1998HTasa*,1998MDef,1998MTasa*,1999ADef,1999ATasa*,1999HDef,1999HTasa*,1999MDef,1999MTasa*,2000ADef,2000ATasa*,2000HDef,2000HTasa*,2000MDef,2000MTasa*,2001ADef,2001ATasa*,2001HDef,2001HTasa*,2001MDef,2001MTasa*,2002ADef,2002ATasa*,2002HDef,2002HTasa*,2002MDef,2002MTasa*,2003ADef,2003ATasa*,2003HDef,2003HTasa*,2003MDef,2003MTasa*,2004ADef,2004ATasa*,2004HDef,2004HTasa*,2004MDef,2004MTasa*,2005ADef,2005ATasa*,2005HDef,2005HTasa*,2005MDef,2005MTasa*,2006ADef,2006ATasa*,2006HDef,2006HTasa*,2006MDef,2006MTasa*,2007ADef,2007ATasa*,2007HDef,2007HTasa*,2007MDef,2007MTasa*,2008ADef,2008ATasa*,2008HDef,2008HTasa*,2008MDef,2008MTasa*,2009ADef,2009ATasa*,2009HDef,2009HTasa*,2009MDef,2009MTasa*,2010ADef,2010ATasa*,2010HDef,2010HTasa*,2010MDef,2010MTasa*,2011ADef,2011ATasa*,2011HDef,2011HTasa*,2011MDef,2011MTasa*
Resto de causas,10.146,68,6,5.472,74,7,4.674,62,5,10.495,70,0,5.473,73,8,5.022,66,3,10.951,72,1,5.699,75,8,5.252,68,4,11.023,71,6,5.855,76,8,5.168,66,4,12.057,77,4,6.478,84,1,5.579,70,9,11.965,76,0,6.528,83,8,5.437,68,4,11.946,75,0,6.461,82,0,5.485,68,2,12.185,75,7,6.513,81,8,5.672,69,8,12.182,74,9,6.456,80,2,5.726,69,7,12.182,74,1,6.375,78,4,5.807,70,0,13.264,79,9,7.103,86,5,6.161,73,5,12.512,74,6,6.751,81,4,5.761,68,1,12.960,76,6,6.998,83,5,5.962,69,7,14.448,84,5,7.647,90,4,6.801,78,8,14.159,82,1,7.366,86,3,6.793,78,0
Enfermedades infecciosas intestinales,244,1,6,117,1,6,127,1,7,236,1,6,103,1,4,133,1,8,237,1,6,97,1,3,140,1,8,237,1,5,106,1,4,131,1,7,225,1,4,88,1,1,137,1,7,216,1,4,73,0,9,143,1,8,240,1,5,90,1,1,150,1,9,219,1,4,92,1,2,127,1,6,201,1,2,67,0,8,134,1,6,189,1,2,62,0,8,127,1,5,166,1,0,61,0,7,105,1,3,220,1,3,79,1,0,141,1,7,218,1,3,96,1,1,122,1,4,237,1,4,95,1,1,142,1,6,238,1,4,91,1,1,147,1,7
Tuberculosis,387,2,6,283,3,9,104,1,4,357,2,4,249,3,4,108,1,4,351,2,3,255,3,4,96,1,3,276,1,8,202,2,7,74,1,0,318,2,0,240,3,1,78,1,0,308,2,0,216,2,8,92,1,2,289,1,8,217,2,8,72,0,9,267,1,7,200,2,5,67,0,8,233,1,4,165,2,0,68,0,8,277,1,7,200,2,5,77,0,9,261,1,6,191,2,3,70,0,8,229,1,4,175,2,1,54,0,6,232,1,4,160,1,9,72,0,8,262,1,5,183,2,2,79,0,9,232,1,3,160,1,9,72,0,8
Enfermedades transmitidas por vectores y rabia,56,0,4,35,0,5,21,0,3,49,0,3,34,0,5,15,0,2,49,0,3,33,0,4,16,0,2,50,0,3,27,0,4,23,0,3,69,0,4,36,0,5,33,0,4,62,0,4,40,0,5,22,0,3,58,0,4,36,0,5,22,0,3,59,0,4,42,0,5,17,0,2,54,0,3,35,0,4,19,0,2,53,0,3,37,0,5,16,0,2,54,0,3,28,0,3,26,0,3,52,0,3,32,0,4,20,0,2,57,0,3,34,0,4,23,0,3,69,0,4,41,0,5,28,0,3,67,0,4,37,0,4,30,0,3
Septicemia,790,5,3,344,4,7,446,6,0,679,4,5,309,4,2,370,4,9,532,3,5,245,3,3,287,3,7,459,3,0,207,2,7,252,3,2,219,1,4,104,1,3,115,1,5,201,1,3,96,1,2,105,1,3,144,0,9,68,0,9,76,0,9,189,1,2,90,1,1,99,1,2,254,1,6,109,1,4,145,1,8,225,1,4,109,1,3,116,1,4,299,1,8,118,1,4,181,2,2,328,2,0,143,1,7,185,2,2,392,2,3,181,2,2,211,2,5,393,2,3,182,2,2,211,2,4,365,2,1,149,1,7,216,2,5
Enfermedad por virus de la inmunodeficiencia humana [VIH],410,2,8,360,4,9,50,0,7,383,2,6,343,4,6,40,0,5,474,3,1,424,5,6,50,0,7,458,3,0,402,5,3,56,0,7,552,3,5,479,6,2,73,0,9,440,2,8,380,4,9,60,0,8,423,2,7,357,4,5,66,0,8,399,2,5,356,4,5,43,0,5,390,2,4,331,4,1,59,0,7,422,2,6,357,4,4,65,0,8,398,2,4,347,4,2,51,0,6,392,2,3,328,4,0,64,0,8,435,2,6,365,4,4,70,0,8,435,2,5,370,4,4,65,0,8,472,2,7,386,4,5,86,1,0
Tumor maligno del esófago,695,4,7,427,5,8,268,3,6,659,4,4,426,5,7,233,3,1,751,4,9,446,5,9,305,4,0,744,4,8,478,6,3,266,3,4,714,4,6,442,5,7,272,3,5,736,4,7,462,5,9,274,3,4,753,4,7,461,5,9,292,3,6,715,4,4,424,5,3,291,3,6,766,4,7,453,5,6,313,3,8,678,4,1,432,5,3,246,3,0,726,4,4,445,5,4,281,3,4,694,4,1,446,5,4,248,2,9,686,4,1,425,5,1,261,3,1,645,3,8,407,4,8,238,2,8,683,4,0,438,5,1,245,2,8
Tumor maligno del estómago,2.979,20,1,1.953,26,7,1.026,13,7,2.891,19,3,1.859,25,1,1.032,13,6,3.038,20,0,2.014,26,8,1.024,13,3,3.022,19,6,2.010,26,4,1.012,13,0,2.932,18,8,1.965,25,5,967,12,3,3.139,19,9,2.086,26,8,1.053,13,2,3.115,19,6,2.060,26,1,1.055,13,1,3.052,19,0,2.027,25,4,1.025,12,6,3.092,19,0,2.044,25,4,1.048,12,8,3.109,18,9,2.137,26,3,972,11,7,3.070,18,5,2.044,24,9,1.026,12,2,3.111,18,6,2.023,24,4,1.088,12,9,3.350,19,8,2.235,26,7,1.115,13,0,3.316,19,4,2.249,26,6,1.067,12,4,3.237,18,8,2.146,25,1,1.091,12,5
Tumor maligno del colon, sigmoide, recto y ano,1.043,7,0,456,6,2,587,7,9,1.005,6,7,436,5,9,569,7,5,1.114,7,3,482,6,4,632,8,2,1.195,7,8,496,6,5,699,9,0,1.252,8,0,581,7,5,671,8,5,1.238,7,9,557,7,1,681,8,6,1.361,8,5,630,8,0,731,9,1,1.427,8,9,638,8,0,789,9,7,1.497,9,2,701,8,7,796,9,7,1.557,9,5,714,8,8,843,10,2,1.622,9,8,769,9,4,853,10,2,1.739,10,4,824,9,9,915,10,8,1.806,10,7,829,9,9,977,11,4,1.896,11,1,938,11,1,958,11,1,2.012,11,7,947,11,1,1.065,12,2
Tumor maligno del hígado y de las vías biliares intrahepáticas,691,4,7,346,4,7,345,4,6,749,5,0,419,5,6,330,4,4,659,4,3,361,4,8,298,3,9,633,4,1,353,4,6,280,3,6,620,4,0,321,4,2,299,3,8,708,4,5,382,4,9,326,4,1,779,4,9,442,5,6,337,4,2,763,4,7,398,5,0,365,4,5,809,5,0,452,5,6,357,4,3,867,5,3,482,5,9,385,4,6,902,5,4,469,5,7,433,5,2,988,5,9,509,6,1,479,5,7,979,5,8,518,6,2,461,5,4,984,5,8,531,6,3,453,5,2,1.046,6,1,562,6,6,484,5,6
Tumor maligno de la vesícula biliar y de otras partes de las vías biliares,1.711,11,6,440,6,0,1.271,17,0,1.707,11,4,424,5,7,1.283,16,9,1.770,11,6,461,6,1,1.309,17,1,1.842,12,0,479,6,3,1.363,17,5,1.733,11,1,462,6,0,1.271,16,2,1.878,11,9,477,6,1,1.401,17,6,1.928,12,1,512,6,5,1.416,17,6,1.782,11,1,507,6,4,1.275,15,7,1.820,11,2,512,6,4,1.308,15,9,1.808,11,0,472,5,8,1.336,16,1,1.905,11,5,519,6,3,1.386,16,5,1.818,10,8,500,6,0,1.318,15,6,1.809,10,7,514,6,1,1.295,15,1,1.751,10,2,504,6,0,1.247,14,4,1.834,10,6,546,6,4,1.288,14,8
Tumor maligno del páncreas,612,4,1,274,3,7,338,4,5,663,4,4,319,4,3,344,4,5,730,4,8,334,4,4,396,5,2,695,4,5,321,4,2,374,4,8,713,4,6,319,4,1,394,5,0,820,5,2,379,4,9,441,5,5,896,5,6,404,5,1,492,6,1,897,5,6,389,4,9,508,6,3,881,5,4,393,4,9,488,5,9,926,5,6,407,5,0,519,6,3,961,5,8,428,5,2,533,6,4,1.060,6,3,466,5,6,594,7,0,1.069,6,3,491,5,9,578,6,8,1.107,6,5,499,5,9,608,7,0,1.108,6,4,492,5,8,616,7,1
Tumor maligno de la laringe,134,0,9,121,1,7,13,0,2,138,0,9,118,1,6,20,0,3,125,0,8,101,1,3,24,0,3,111,0,7,93,1,2,18,0,2,119,0,8,100,1,3,19,0,2,118,0,7,102,1,3,16,0,2,123,0,8,105,1,3,18,0,2,121,0,8,109,1,4,12,0,1,129,0,8,114,1,4,15,0,2,128,0,8,109,1,3,19,0,2,145,0,9,123,1,5,22,0,3,127,0,8,107,1,3,20,0,2,152,0,9,135,1,6,17,0,2,132,0,8,110,1,3,22,0,3,141,0,8,122,1,4,19,0,2
Tumor maligno de la tráquea, de los bronquios y del pulmón,1.778,12,0,1.187,16,2,591,7,9,1.797,12,0,1.244,16,8,553,7,3,1.843,12,1,1.243,16,5,600,7,8,1.893,12,3,1.273,16,7,620,8,0,2.002,12,9,1.329,17,2,673,8,6,2.051,13,0,1.349,17,3,702,8,8,2.016,12,7,1.310,16,6,706,8,8,2.222,13,8,1.460,18,3,762,9,4,2.297,14,1,1.478,18,4,819,10,0,2.411,14,7,1.540,18,9,871,10,5,2.517,15,2,1.588,19,3,929,11,1,2.454,14,6,1.516,18,3,938,11,1,2.532,15,0,1.585,18,9,947,11,1,2.674,15,6,1.691,20,0,983,11,4,2.780,16,1,1.722,20,2,1.058,12,1
Melanoma y otros Tumores malignos de la piel,213,1,4,103,1,4,110,1,5,230,1,5,121,1,6,109,1,4,237,1,6,136,1,8,101,1,3,270,1,8,150,2,0,120,1,5,248,1,6,134,1,7,114,1,4,267,1,7,159,2,0,108,1,4,292,1,8,168,2,1,124,1,5,286,1,8,152,1,9,134,1,6,301,1,9,173,2,1,128,1,6,270,1,6,145,1,8,125,1,5,322,1,9,175,2,1,147,1,8,296,1,8,159,1,9,137,1,6,340,2,0,189,2,3,151,1,8,434,2,5,202,2,4,232,2,7,402,2,3,229,2,7,173,2,0
Tumor maligno de la mama,893,6,0,8,0,1,885,11,8,992,6,6,10,0,1,982,13,0,983,6,5,10,0,1,973,12,7,1.037,6,7,10,0,1,1.027,13,2,1.030,6,6,6,0,1,1.024,13,0,1.060,6,7,11,0,1,1.049,13,2,1.080,6,8,10,0,1,1.070,13,3,1.101,6,8,5,0,1,1.096,13,5,1.178,7,2,9,0,1,1.169,14,2,1.152,7,0,7,0,1,1.145,13,8,1.167,7,0,7,0,1,1.160,13,8,1.236,7,4,8,0,1,1.228,14,5,1.352,8,0,14,0,2,1.338,15,7,1.305,7,6,8,0,1,1.297,15,0,1.358,7,9,11,0,1,1.347,15,5
Tumor maligno del útero,,,,,921,12,3,,,,,930,12,3,,,,,908,11,8,,,,,885,11,4,,,,,879,11,2,,,,,847,10,7,,,,,876,10,9,,,,,877,10,8,,,,,885,10,8,,,,,876,10,6,,,,,883,10,5,,,,,865,10,2,,,,,919,10,7,,,,,852,9,9,,,,,872,10,0
Tumor maligno del ovario,,,,,254,3,4,,,,,299,3,9,,,,,291,3,8,,,,,344,4,4,,,,,345,4,4,,,,,303,3,8,,,,,327,4,1,,,,,329,4,0,,,,,367,4,5,,,,,376,4,5,,,,,349,4,2,,,,,345,4,1,,,,,377,4,4,,,,,423,4,9,,,,,406,4,7
Tumor maligno de la próstata,,,1.126,15,4,,,,,1.218,16,4,,,,,1.224,16,3,,,,,1.284,16,8,,,,,1.285,16,7,,,,,1.347,17,3,,,,,1.472,18,7,,,,,1.462,18,4,,,,,1.514,18,8,,,,,1.598,19,6,,,,,1.646,20,0,,,,,1.673,20,2,,,,,1.753,20,9,,,,,1.924,22,7,,,,,1.942,22,7,,
Tumor maligno del riñon, excepto de la pelvis renal,377,2,5,245,3,3,132,1,8,460,3,1,288,3,9,172,2,3,402,2,6,251,3,3,151,2,0,392,2,5,255,3,3,137,1,8,421,2,7,282,3,7,139,1,8,443,2,8,279,3,6,164,2,1,436,2,7,300,3,8,136,1,7,490,3,0,322,4,0,168,2,1,562,3,5,356,4,4,206,2,5,508,3,1,323,4,0,185,2,2,555,3,3,335,4,1,220,2,6,580,3,5,367,4,4,213,2,5,617,3,6,418,5,0,199,2,3,628,3,7,412,4,9,216,2,5,621,3,6,379,4,4,242,2,8
Tumor maligno de la vejiga urinaria,238,1,6,166,2,3,72,1,0,231,1,5,146,2,0,85,1,1,246,1,6,152,2,0,94,1,2,314,2,0,199,2,6,115,1,5,301,1,9,194,2,5,107,1,4,311,2,0,203,2,6,108,1,4,304,1,9,190,2,4,114,1,4,336,2,1,209,2,6,127,1,6,402,2,5,251,3,1,151,1,8,369,2,2,218,2,7,151,1,8,389,2,3,259,3,2,130,1,6,390,2,3,250,3,0,140,1,7,394,2,3,264,3,2,130,1,5,466,2,7,308,3,6,158,1,8,407,2,4,268,3,1,139,1,6
Tumor maligno del encéfalo,177,1,2,105,1,4,72,1,0,208,1,4,117,1,6,91,1,2,202,1,3,111,1,5,91,1,2,220,1,4,121,1,6,99,1,3,258,1,7,150,1,9,108,1,4,251,1,6,139,1,8,112,1,4,245,1,5,130,1,6,115,1,4,301,1,9,170,2,1,131,1,6,281,1,7,162,2,0,119,1,4,268,1,6,144,1,8,124,1,5,335,2,0,186,2,3,149,1,8,367,2,2,193,2,3,174,2,1,379,2,2,213,2,5,166,1,9,411,2,4,208,2,5,203,2,4,423,2,5,226,2,6,197,2,3
Tumor maligno del tejido linfático, hematopoyético y tejidos afines,1.190,8,0,665,9,1,525,7,0,1.261,8,4,650,8,8,611,8,1,1.343,8,8,705,9,4,638,8,3,1.346,8,7,705,9,3,641,8,2,1.415,9,1,712,9,2,703,8,9,1.487,9,4,771,9,9,716,9,0,1.553,9,8,800,10,2,753,9,4,1.551,9,6,804,10,1,747,9,2,1.535,9,4,801,9,9,734,8,9,1.627,9,9,852,10,5,775,9,3,1.644,9,9,877,10,7,767,9,2,1.618,9,7,844,10,2,774,9,1,1.645,9,7,897,10,7,748,8,7,1.714,10,0,896,10,6,818,9,5,1.771,10,3,917,10,7,854,9,8
Tumores in situ, tumores benignos y tumores de comportamiento incierto,624,4,2,307,4,2,317,4,2,657,4,4,347,4,7,310,4,1,691,4,5,358,4,8,333,4,3,797,5,2,412,5,4,385,5,0,780,5,0,382,5,0,398,5,1,773,4,9,360,4,6,413,5,2,823,5,2,413,5,2,410,5,1,873,5,4,454,5,7,419,5,2,914,5,6,482,6,0,432,5,3,872,5,3,433,5,3,439,5,3,916,5,5,471,5,7,445,5,3,804,4,8,396,4,8,408,4,8,869,5,1,427,5,1,442,5,2,952,5,6,529,6,3,423,4,9,910,5,3,479,5,6,431,4,9
Desnutrición y anemias nutricionales,224,1,5,113,1,5,111,1,5,590,3,9,283,3,8,307,4,1,630,4,1,308,4,1,322,4,2,513,3,3,259,3,4,254,3,3,449,2,9,226,2,9,223,2,8,458,2,9,223,2,9,235,3,0,530,3,3,262,3,3,268,3,3,482,3,0,209,2,6,273,3,4,583,3,6,268,3,3,315,3,8,538,3,3,253,3,1,285,3,4,617,3,7,301,3,7,316,3,8,549,3,3,281,3,4,268,3,2,554,3,3,288,3,4,266,3,1,623,3,6,325,3,8,298,3,5,610,3,5,320,3,7,290,3,3
Trastornos de los líquidos, de los electrólitos y del equilibrio ácidobásico deshidratación,73,0,5,38,0,5,35,0,5,81,0,5,31,0,4,50,0,7,88,0,6,41,0,5,47,0,6,81,0,5,26,0,3,55,0,7,57,0,4,24,0,3,33,0,4,56,0,4,22,0,3,34,0,4,72,0,5,31,0,4,41,0,5,94,0,6,34,0,4,60,0,7,61,0,4,26,0,3,35,0,4,70,0,4,28,0,3,42,0,5,118,0,7,46,0,6,72,0,9,93,0,6,28,0,3,65,0,8,149,0,9,59,0,7,90,1,1,163,1,0,69,0,8,94,1,1,191,1,1,92,1,1,99,1,1
Demencia y enfermedad de Alzheimer,1.462,9,9,583,8,0,879,11,8,804,5,4,287,3,9,517,6,8,357,2,3,135,1,8,222,2,9,1.250,8,1,505,6,6,745,9,6,2.254,14,5,800,10,4,1.454,18,5,2.499,15,9,960,12,3,1.539,19,4,2.704,17,0,1.045,13,3,1.659,20,6,2.831,17,6,1.031,12,9,1.800,22,1,2.905,17,9,1.025,12,7,1.880,22,9,2.980,18,1,1.021,12,6,1.959,23,6,3.605,21,7,1.273,15,5,2.332,27,8,3.536,21,1,1.228,14,8,2.308,27,3,3.551,21,0,1.219,14,5,2.332,27,3,3.732,21,8,1.280,15,1,2.452,28,4,3.504,20,3,1.159,13,6,2.345,26,9
Trastornos mentales y del comportamiento debidos al uso de sustancias psicoactivas,318,2,1,283,3,9,35,0,5,234,1,6,215,2,9,19,0,3,238,1,6,216,2,9,22,0,3,379,2,5,349,4,6,30,0,4,447,2,9,410,5,3,37,0,5,573,3,6,527,6,8,46,0,6,552,3,5,509,6,5,43,0,5,489,3,0,434,5,4,55,0,7,479,2,9,424,5,3,55,0,7,278,1,7,255,3,1,23,0,3,287,1,7,275,3,3,12,0,1,280,1,7,257,3,1,23,0,3,267,1,6,246,2,9,21,0,2,217,1,3,199,2,4,18,0,2,31,0,2,22,0,3,9,0,1
Meningitis,105,0,7,66,0,9,39,0,5,130,0,9,82,1,1,48,0,6,111,0,7,58,0,8,53,0,7,117,0,8,62,0,8,55,0,7,133,0,9,83,1,1,50,0,6,91,0,6,46,0,6,45,0,6,93,0,6,45,0,6,48,0,6,89,0,6,47,0,6,42,0,5,112,0,7,65,0,8,47,0,6,82,0,5,51,0,6,31,0,4,92,0,6,46,0,6,46,0,5,85,0,5,45,0,5,40,0,5,90,0,5,54,0,6,36,0,4,96,0,6,58,0,7,38,0,4,77,0,4,45,0,5,32,0,4
Enfermedad de Parkinson,118,0,8,64,0,9,54,0,7,80,0,5,39,0,5,41,0,5,55,0,4,26,0,3,29,0,4,152,1,0,79,1,0,73,0,9,295,1,9,156,2,0,139,1,8,319,2,0,162,2,1,157,2,0,332,2,1,161,2,0,171,2,1,420,2,6,222,2,8,198,2,4,418,2,6,219,2,7,199,2,4,413,2,5,214,2,6,199,2,4,506,3,0,266,3,2,240,2,9,506,3,0,268,3,2,238,2,8,527,3,1,266,3,2,261,3,1,622,3,6,340,4,0,282,3,3,643,3,7,364,4,3,279,3,2
Epilepsia y estado de mal epiléptico,152,1,0,93,1,3,59,0,8,185,1,2,121,1,6,64,0,8,188,1,2,118,1,6,70,0,9,218,1,4,142,1,9,76,1,0,223,1,4,148,1,9,75,1,0,185,1,2,118,1,5,67,0,8,220,1,4,153,1,9,67,0,8,194,1,2,132,1,7,62,0,8,229,1,4,138,1,7,91,1,1,222,1,4,154,1,9,68,0,8,254,1,5,176,2,1,78,0,9,239,1,4,164,2,0,75,0,9,249,1,5,160,1,9,89,1,0,241,1,4,154,1,8,87,1,0,278,1,6,176,2,1,102,1,2
Enfermedades cardíacas reumáticas crónicas,285,1,9,98,1,3,187,2,5,260,1,7,86,1,2,174,2,3,332,2,2,126,1,7,206,2,7,297,1,9,115,1,5,182,2,3,289,1,9,101,1,3,188,2,4,248,1,6,89,1,1,159,2,0,273,1,7,97,1,2,176,2,2,279,1,7,105,1,3,174,2,1,280,1,7,112,1,4,168,2,0,274,1,7,92,1,1,182,2,2,197,1,2,55,0,7,142,1,7,174,1,0,60,0,7,114,1,3,176,1,0,59,0,7,117,1,4,150,0,9,60,0,7,90,1,0,128,0,7,49,0,6,79,0,9
Enfermedades hipertensivas,1.700,11,5,747,10,2,953,12,7,2.034,13,6,837,11,3,1.197,15,8,2.207,14,5,964,12,8,1.243,16,2,2.294,14,9,993,13,0,1.301,16,7,2.743,17,6,1.129,14,6,1.614,20,5,2.481,15,8,1.074,13,8,1.407,17,7,2.686,16,9,1.177,14,9,1.509,18,8,3.131,19,5,1.318,16,5,1.813,22,3,3.161,19,4,1.343,16,7,1.818,22,1,3.110,18,9,1.301,16,0,1.809,21,8,3.377,20,3,1.431,17,4,1.946,23,2,3.493,20,8,1.448,17,5,2.045,24,2,3.523,20,8,1.461,17,4,2.062,24,1,3.976,23,3,1.615,19,1,2.361,27,3,3.488,20,2,1.425,16,7,2.063,23,7
Enfermedades isquémicas del corazón,7.720,52,2,4.352,59,4,3.368,45,1,7.970,53,1,4.470,60,2,3.500,46,2,7.955,52,3,4.435,59,0,3.520,45,9,7.676,49,9,4.433,58,2,3.243,41,7,7.812,50,2,4.465,57,9,3.347,42,6,7.820,49,7,4.560,58,5,3.260,41,0,8.106,50,9,4.695,59,6,3.411,42,4,7.967,49,5,4.668,58,6,3.299,40,6,7.948,48,9,4.709,58,5,3.239,39,4,7.943,48,3,4.685,57,6,3.258,39,3,8.426,50,8,4.950,60,2,3.476,41,5,7.666,45,7,4.676,56,4,2.990,35,3,7.299,43,1,4.408,52,6,2.891,33,8,7.789,45,6,4.648,54,9,3.141,36,4,7.197,41,7,4.438,52,0,2.759,31,7
Enfermedad cardiopulmonar y enfermedades de la circulación pulmonar,255,1,7,103,1,4,152,2,0,237,1,6,106,1,4,131,1,7,249,1,6,94,1,2,155,2,0,212,1,4,98,1,3,114,1,5,235,1,5,106,1,4,129,1,6,230,1,5,101,1,3,129,1,6,264,1,7,127,1,6,137,1,7,286,1,8,126,1,6,160,2,0,264,1,6,126,1,6,138,1,7,232,1,4,98,1,2,134,1,6,286,1,7,113,1,4,173,2,1,256,1,5,103,1,2,153,1,8,311,1,8,128,1,5,183,2,1,323,1,9,138,1,6,185,2,1,214,1,2,89,1,0,125,1,4
Trastornos no reumáticos de las válvulas cardíacas,253,1,7,115,1,6,138,1,8,250,1,7,113,1,5,137,1,8,199,1,3,109,1,4,90,1,2,175,1,1,94,1,2,81,1,0,217,1,4,113,1,5,104,1,3,230,1,5,103,1,3,127,1,6,231,1,5,105,1,3,126,1,6,249,1,5,114,1,4,135,1,7,256,1,6,130,1,6,126,1,5,277,1,7,141,1,7,136,1,6,314,1,9,158,1,9,156,1,9,295,1,8,147,1,8,148,1,7,270,1,6,116,1,4,154,1,8,276,1,6,128,1,5,148,1,7,345,2,0,168,2,0,177,2,0
Cardiomiopatía,501,3,4,327,4,5,174,2,3,523,3,5,337,4,5,186,2,5,570,3,8,382,5,1,188,2,4,532,3,5,368,4,8,164,2,1,531,3,4,355,4,6,176,2,2,556,3,5,367,4,7,189,2,4,588,3,7,391,5,0,197,2,5,642,4,0,430,5,4,212,2,6,690,4,2,435,5,4,255,3,1,645,3,9,412,5,1,233,2,8,699,4,2,458,5,6,241,2,9,677,4,0,411,5,0,266,3,1,686,4,1,448,5,3,238,2,8,672,3,9,435,5,1,237,2,7,589,3,4,384,4,5,205,2,4
Paro cardíaco,14,0,1,6,0,1,8,0,1,24,0,2,13,0,2,11,0,1,11,0,1,8,0,1,3,0,0,19,0,1,15,0,2,4,0,1,7,0,0,2,0,0,5,0,1,0,0,0,0,0,0,0,0,0,0,0,0,0,0,0,0,0,0,1,0,0,1,0,0,0,0,0,0,0,0,0,0,0,0,0,0,0,0,0,0,0,0,0,0,0,0,0,0,0,0,0,0,0,0,0,0,0,0,0,0,0,0,0,0,0,0,0,0,0,0,0,0,0,0,0,0,0,0,0,0,0,0,0,0,0,0,0,0,0,0
Arritmias cardíacas,428,2,9,194,2,6,234,3,1,425,2,8,186,2,5,239,3,2,466,3,1,201,2,7,265,3,5,468,3,0,207,2,7,261,3,4,574,3,7,265,3,4,309,3,9,591,3,8,262,3,4,329,4,1,727,4,6,312,4,0,415,5,2,773,4,8,311,3,9,462,5,7,812,5,0,342,4,2,470,5,7,834,5,1,365,4,5,469,5,7,1.036,6,2,444,5,4,592,7,1,1.100,6,6,487,5,9,613,7,2,1.051,6,2,462,5,5,589,6,9,1.308,7,7,559,6,6,749,8,7,1.512,8,8,657,7,7,855,9,8
Insuficiencia cardíaca, complicaciones y enfermedades mal definidas del corazón,1.481,10,0,684,9,3,797,10,7,1.505,10,0,653,8,8,852,11,2,1.549,10,2,656,8,7,893,11,6,1.708,11,1,762,10,0,946,12,2,1.705,10,9,774,10,0,931,11,8,1.621,10,3,740,9,5,881,11,1,1.810,11,4,816,10,4,994,12,4,1.908,11,9,882,11,1,1.026,12,6,1.930,11,9,831,10,3,1.099,13,4,1.990,12,1,864,10,6,1.126,13,6,2.122,12,8,950,11,6,1.172,14,0,1.897,11,3,857,10,3,1.040,12,3,2.124,12,5,942,11,2,1.182,13,8,2.386,14,0,1.071,12,7,1.315,15,2,2.032,11,8,954,11,2,1.078,12,4
Enfermedades cerebrovasculares,6.961,47,0,3.431,46,9,3.530,47,2,7.559,50,4,3.738,50,4,3.821,50,4,7.859,51,7,3.877,51,6,3.982,51,9,7.455,48,4,3.573,46,9,3.882,49,9,7.485,48,1,3.629,47,1,3.856,49,0,7.552,48,0,3.696,47,4,3.856,48,5,7.973,50,1,3.915,49,7,4.058,50,5,7.783,48,4,3.735,46,9,4.048,49,8,7.698,47,3,3.686,45,8,4.012,48,8,7.608,46,3,3.708,45,6,3.900,47,0,8.278,49,9,3.958,48,2,4.320,51,5,8.089,48,3,4.030,48,6,4.059,47,9,8.130,48,0,3.961,47,3,4.169,48,8,8.888,52,0,4.360,51,5,4.528,52,5,8.736,50,6,4.260,49,9,4.476,51,4
Arteriosclerosis,373,2,5,142,1,9,231,3,1,465,3,1,162,2,2,303,4,0,535,3,5,204,2,7,331,4,3,300,1,9,113,1,5,187,2,4,218,1,4,89,1,2,129,1,6,195,1,2,88,1,1,107,1,3,162,1,0,66,0,8,96,1,2,196,1,2,68,0,9,128,1,6,182,1,1,84,1,0,98,1,2,126,0,8,43,0,5,83,1,0,128,0,8,47,0,6,81,1,0,123,0,7,55,0,7,68,0,8,107,0,6,51,0,6,56,0,7,125,0,7,43,0,5,82,0,9,199,1,2,92,1,1,107,1,2
Aneurisma y dissección aórticos,280,1,9,176,2,4,104,1,4,309,2,1,200,2,7,109,1,4,316,2,1,194,2,6,122,1,6,331,2,1,211,2,8,120,1,5,319,2,0,193,2,5,126,1,6,377,2,4,228,2,9,149,1,9,395,2,5,238,3,0,157,2,0,389,2,4,246,3,1,143,1,8,440,2,7,278,3,5,162,2,0,389,2,4,235,2,9,154,1,9,456,2,7,308,3,7,148,1,8,402,2,4,238,2,9,164,1,9,438,2,6,275,3,3,163,1,9,454,2,7,287,3,4,167,1,9,443,2,6,252,3,0,191,2,2
Enfermedades respiratorias agudas excepto influenza y neumonía,186,1,3,97,1,3,89,1,2,102,0,7,47,0,6,55,0,7,95,0,6,46,0,6,49,0,6,84,0,5,33,0,4,51,0,7,67,0,4,30,0,4,37,0,5,62,0,4,24,0,3,38,0,5,56,0,4,19,0,2,37,0,5,82,0,5,37,0,5,45,0,6,80,0,5,36,0,4,44,0,5,51,0,3,25,0,3,26,0,3,69,0,4,28,0,3,41,0,5,52,0,3,26,0,3,26,0,3,50,0,3,21,0,3,29,0,3,37,0,2,12,0,1,25,0,3,62,0,4,29,0,3,33,0,4
Influenza,84,0,6,36,0,5,48,0,6,87,0,6,37,0,5,50,0,7,135,0,9,44,0,6,91,1,2,33,0,2,11,0,1,22,0,3,56,0,4,28,0,4,28,0,4,16,0,1,5,0,1,11,0,1,23,0,1,7,0,1,16,0,2,59,0,4,21,0,3,38,0,5,29,0,2,16,0,2,13,0,2,11,0,1,5,0,1,6,0,1,17,0,1,6,0,1,11,0,1,11,0,1,5,0,1,6,0,1,29,0,2,11,0,1,18,0,2,16,0,1,7,0,1,9,0,1,0,0,0,0,0,0,0,0,0
Neumonía,6.587,44,5,3.470,47,4,3.117,41,7,6.121,40,8,3.116,42,0,3.005,39,7,6.971,45,9,3.485,46,3,3.486,45,4,4.283,27,8,2.122,27,8,2.161,27,8,3.947,25,3,2.016,26,2,1.931,24,6,3.397,21,6,1.723,22,1,1.674,21,1,3.041,19,1,1.411,17,9,1.630,20,3,3.415,21,2,1.617,20,3,1.798,22,1,3.097,19,0,1.470,18,3,1.627,19,8,2.973,18,1,1.416,17,4,1.557,18,8,3.803,22,9,1.716,20,9,2.087,24,9,3.312,19,8,1.583,19,1,1.729,20,4,3.516,20,8,1.759,21,0,1.757,20,6,3.928,23,0,1.909,22,6,2.019,23,4,3.098,18,0,1.472,17,2,1.626,18,7
Enfermedades crónicas de las vías respiratorias inferiores,1.683,11,4,916,12,5,767,10,3,2.337,15,6,1.279,17,2,1.058,14,0,2.544,16,7,1.382,18,4,1.162,15,1,2.248,14,6,1.246,16,4,1.002,12,9,2.787,17,9,1.518,19,7,1.269,16,1,2.536,16,1,1.352,17,3,1.184,14,9,2.777,17,4,1.482,18,8,1.295,16,1,3.116,19,4,1.642,20,6,1.474,18,1,3.067,18,9,1.605,19,9,1.462,17,8,2.934,17,9,1.565,19,2,1.369,16,5,3.371,20,3,1.817,22,1,1.554,18,5,2.845,17,0,1.487,17,9,1.358,16,0,2.973,17,6,1.605,19,2,1.368,16,0,3.500,20,5,1.870,22,1,1.630,18,9,3.021,17,5,1.604,18,8,1.417,16,3
Edema Pulmonar y otras enfermedades respiratorias que afectan el intersticio,699,4,7,356,4,9,343,4,6,729,4,9,338,4,6,391,5,2,793,5,2,409,5,4,384,5,0,849,5,5,411,5,4,438,5,6,958,6,2,465,6,0,493,6,3,902,5,7,420,5,4,482,6,1,892,5,6,404,5,1,488,6,1,1.039,6,5,476,6,0,563,6,9,1.074,6,6,536,6,7,538,6,5,1.127,6,9,499,6,1,628,7,6,1.384,8,3,657,8,0,727,8,7,1.356,8,1,685,8,3,671,7,9,1.329,7,9,646,7,7,683,8,0,1.424,8,3,642,7,6,782,9,1,1.410,8,2,684,8,0,726,8,3
Insuficiencia respiratoria NCOP,208,1,4,87,1,2,121,1,6,272,1,8,131,1,8,141,1,9,173,1,1,84,1,1,89,1,2,174,1,1,82,1,1,92,1,2,137,0,9,72,0,9,65,0,8,99,0,6,44,0,6,55,0,7,92,0,6,43,0,5,49,0,6,59,0,4,22,0,3,37,0,5,81,0,5,37,0,5,44,0,5,67,0,4,34,0,4,33,0,4,116,0,7,54,0,7,62,0,7,152,0,9,66,0,8,86,1,0,199,1,2,87,1,0,112,1,3,209,1,2,94,1,1,115,1,3,225,1,3,95,1,1,130,1,5
Apendicitis, hernia y obstrucción intestinal,467,3,2,196,2,7,271,3,6,447,3,0,181,2,4,266,3,5,431,2,8,187,2,5,244,3,2,435,2,8,198,2,6,237,3,0,526,3,4,222,2,9,304,3,9,479,3,0,210,2,7,269,3,4,570,3,6,229,2,9,341,4,2,525,3,3,230,2,9,295,3,6,543,3,3,233,2,9,310,3,8,539,3,3,230,2,8,309,3,7,582,3,5,243,3,0,339,4,0,600,3,6,241,2,9,359,4,2,634,3,7,278,3,3,356,4,2,603,3,5,256,3,0,347,4,0,658,3,8,276,3,2,382,4,4
Cirrosis y otras enfermedades del hígado,3.651,24,7,2.684,36,7,967,12,9,3.611,24,1,2.582,34,8,1.029,13,6,3.320,21,8,2.348,31,2,972,12,7,3.504,22,8,2.484,32,6,1.020,13,1,3.954,25,4,2.854,37,0,1.100,14,0,4.047,25,7,2.897,37,2,1.150,14,5,4.154,26,1,2.975,37,8,1.179,14,7,4.177,26,0,2.960,37,2,1.217,15,0,3.733,22,9,2.676,33,2,1.057,12,9,3.794,23,1,2.686,33,0,1.108,13,4,3.987,24,0,2.780,33,8,1.207,14,4,4.170,24,9,2.941,35,4,1.229,14,5,4.167,24,6,2.970,35,4,1.197,14,0,4.285,25,1,3.008,35,5,1.277,14,8,4.077,23,6,2.798,32,8,1.279,14,7
Enfermedades del sistema osteomuscular y del tejido conjuntivo,299,2,0,70,1,0,229,3,1,338,2,3,83,1,1,255,3,4,342,2,3,100,1,3,242,3,2,381,2,5,106,1,4,275,3,5,427,2,7,112,1,5,315,4,0,428,2,7,110,1,4,318,4,0,460,2,9,116,1,5,344,4,3,547,3,4,143,1,8,404,5,0,480,3,0,115,1,4,365,4,4,511,3,1,134,1,6,377,4,5,542,3,3,144,1,8,398,4,7,476,2,8,120,1,4,356,4,2,489,2,9,132,1,6,357,4,2,490,2,9,128,1,5,362,4,2,515,3,0,139,1,6,376,4,3
Enfermedades del sistema urinario,1.607,10,9,756,10,3,851,11,4,1.715,11,4,790,10,6,925,12,2,1.822,12,0,791,10,5,1.031,13,4,1.743,11,3,777,10,2,966,12,4,1.977,12,7,905,11,7,1.072,13,6,1.955,12,4,882,11,3,1.073,13,5,2.132,13,4,964,12,2,1.168,14,5,2.297,14,3,1.051,13,2,1.246,15,3,2.432,15,0,1.123,13,9,1.309,15,9,2.331,14,2,1.058,13,0,1.273,15,3,2.580,15,5,1.183,14,4,1.397,16,7,2.443,14,6,1.140,13,7,1.303,15,4,2.640,15,6,1.257,15,0,1.383,16,2,3.138,18,4,1.489,17,6,1.649,19,1,3.034,17,6,1.398,16,4,1.636,18,8
Embarazo, parto y puerperio,,,,,61,0,8,,,,,55,0,7,,,,,60,0,8,,,,,49,0,6,,,,,45,0,6,,,,,43,0,5,,,,,30,0,4,,,,,42,0,5,,,,,48,0,6,,,,,47,0,6,,,,,44,0,5,,,,,41,0,5,,,,,50,0,6,,,,,46,0,5,,,,,46,0,5
Ciertas afecciones originadas en el período perinatal**,995,3,8,553,4,1,442,3,5,948,3,7,550,4,2,398,3,2,932,3,7,551,4,3,381,3,1,926,3,7,541,4,2,385,3,2,855,3,5,493,3,9,362,3,0,795,3,3,451,3,7,344,2,9,738,3,1,419,3,5,319,2,8,845,3,7,484,4,1,361,3,2,806,3,5,447,3,8,359,3,2,816,3,5,489,4,1,327,2,9,932,3,9,559,4,5,373,3,2,898,3,6,488,3,9,410,3,4,852,3,4,488,3,8,364,2,9,853,3,4,501,3,9,352,2,9,870,3,5,500,4,0,370,3,1
Malformaciones, congénitas, deformidades y anomalías cromosómicas,1.057,7,1,529,7,2,528,7,1,1.148,7,7,595,8,0,553,7,3,1.060,7,0,533,7,1,527,6,9,975,6,3,490,6,4,485,6,2,908,5,8,466,6,0,442,5,6,945,6,0,512,6,6,433,5,4,916,5,8,461,5,9,455,5,7,962,6,0,516,6,5,446,5,5,929,5,7,496,6,2,433,5,3,887,5,4,438,5,4,449,5,4,906,5,5,486,5,9,420,5,0,852,5,1,465,5,6,387,4,6,926,5,5,474,5,7,452,5,3,859,5,0,442,5,2,417,4,8,956,5,5,457,5,4,499,5,7
Causas mal definidas,3.718,25,1,1.773,24,2,1.945,26,0,3.502,23,4,1.625,21,9,1.877,24,8,3.712,24,4,1.746,23,2,1.966,25,6,3.101,20,1,1.368,18,0,1.733,22,3,2.871,18,4,1.343,17,4,1.528,19,4,2.437,15,5,1.161,14,9,1.276,16,0,2.381,15,0,1.124,14,3,1.257,15,6,2.439,15,2,1.218,15,3,1.221,15,0,2.379,14,6,1.184,14,7,1.195,14,5,2.060,12,5,1.009,12,4,1.051,12,7,2.718,16,4,1.358,16,5,1.360,16,2,2.556,15,2,1.243,15,0,1.313,15,5,2.403,14,2,1.119,13,4,1.284,15,0,2.467,14,4,1.117,13,2,1.350,15,6,2.383,13,8,1.163,13,6,1.220,14,0
Accidentes de transporte terrestre,1.859,12,6,1.503,20,5,356,4,8,1.956,13,0,1.586,21,4,370,4,9,1.643,10,8,1.338,17,8,305,4,0,2.163,14,0,1.752,23,0,411,5,3,2.032,13,0,1.635,21,2,397,5,0,1.996,12,7,1.648,21,1,348,4,4,2.284,14,3,1.868,23,7,416,5,2,2.295,14,3,1.872,23,5,423,5,2,2.264,13,9,1.841,22,9,423,5,1,2.280,13,9,1.794,22,1,486,5,9,2.235,13,5,1.822,22,2,413,4,9,2.433,14,5,1.924,23,2,509,6,0,2.202,13,0,1.757,21,0,445,5,2,2.149,12,6,1.702,20,1,447,5,2,2.185,12,7,1.727,20,2,458,5,3
Caídas accidentales,123,0,8,109,1,5,14,0,2,106,0,7,86,1,2,20,0,3,113,0,7,94,1,2,19,0,2,305,2,0,246,3,2,59,0,8,297,1,9,231,3,0,66,0,8,563,3,6,326,4,2,237,3,0,685,4,3,379,4,8,306,3,8,720,4,5,402,5,0,318,3,9,725,4,5,409,5,1,316,3,8,830,5,1,451,5,5,379,4,6,782,4,7,435,5,3,347,4,1,729,4,3,396,4,8,333,3,9,735,4,3,379,4,5,356,4,2,837,4,9,391,4,6,446,5,2,952,5,5,448,5,2,504,5,8
Disparo de armas de fuego no intencional,9,0,1,9,0,1,0,0,0,9,0,1,7,0,1,2,0,0,10,0,1,10,0,1,0,0,0,3,0,0,3,0,0,0,0,0,8,0,1,7,0,1,1,0,0,64,0,4,57,0,7,7,0,1,32,0,2,30,0,4,2,0,0,32,0,2,27,0,3,5,0,1,25,0,2,22,0,3,3,0,0,10,0,1,10,0,1,0,0,0,142,0,9,129,1,6,13,0,2,73,0,4,69,0,8,4,0,0,14,0,1,12,0,1,2,0,0,21,0,1,19,0,2,2,0,0,11,0,1,10,0,1,1,0,0
Ahogamiento y sumersión accidentales,407,2,8,354,4,8,53,0,7,359,2,4,314,4,2,45,0,6,385,2,5,332,4,4,53,0,7,470,3,1,396,5,2,74,1,0,528,3,4,463,6,0,65,0,8,560,3,6,470,6,0,90,1,1,583,3,7,509,6,5,74,0,9,513,3,2,453,5,7,60,0,7,488,3,0,428,5,3,60,0,7,473,2,9,411,5,1,62,0,7,431,2,6,386,4,7,45,0,5,499,3,0,425,5,1,74,0,9,447,2,6,393,4,7,54,0,6,375,2,2,329,3,9,46,0,5,386,2,2,340,4,0,46,0,5
Accidentes que obstruyen la respiración,485,3,3,368,5,0,117,1,6,394,2,6,308,4,2,86,1,1,395,2,6,293,3,9,102,1,3,165,1,1,112,1,5,53,0,7,175,1,1,149,1,9,26,0,3,158,1,0,124,1,6,34,0,4,60,0,4,48,0,6,12,0,1,92,0,6,75,0,9,17,0,2,95,0,6,80,1,0,15,0,2,119,0,7,98,1,2,21,0,3,96,0,6,73,0,9,23,0,3,120,0,7,98,1,2,22,0,3,111,0,7,85,1,0,26,0,3,133,0,8,112,1,3,21,0,2,137,0,8,106,1,2,31,0,4
Envenenamiento accidental,39,0,3,29,0,4,10,0,1,23,0,2,19,0,3,4,0,1,39,0,3,34,0,5,5,0,1,152,1,0,123,1,6,29,0,4,130,0,8,100,1,3,30,0,4,106,0,7,61,0,8,45,0,6,86,0,5,59,0,7,27,0,3,88,0,5,41,0,5,47,0,6,109,0,7,77,1,0,32,0,4,301,1,8,242,3,0,59,0,7,257,1,5,192,2,3,65,0,8,270,1,6,215,2,6,55,0,6,324,1,9,261,3,1,63,0,7,281,1,6,218,2,6,63,0,7,444,2,6,374,4,4,70,0,8
Lesiones autoinflingidas intencionalmente suicidios,910,6,2,776,10,6,134,1,8,1.031,6,9,899,12,1,132,1,7,1.041,6,8,903,12,0,138,1,8,1.473,9,6,1.266,16,6,207,2,7,1.625,10,4,1.392,18,1,233,3,0,1.599,10,2,1.353,17,4,246,3,1,1.654,10,4,1.402,17,8,252,3,1,1.735,10,8,1.472,18,5,263,3,2,1.680,10,3,1.401,17,4,279,3,4,1.795,10,9,1.498,18,4,297,3,6,1.926,11,6,1.562,19,0,364,4,3,2.166,12,9,1.741,21,0,425,5,0,2.148,12,7,1.724,20,6,424,5,0,2.001,11,7,1.618,19,1,383,4,4,2.027,11,8,1.657,19,4,370,4,2
Agresiones homicidios,378,2,6,336,4,6,42,0,6,421,2,8,363,4,9,58,0,8,445,2,9,385,5,1,60,0,8,793,5,2,694,9,1,99,1,3,839,5,4,751,9,7,88,1,1,840,5,3,753,9,7,87,1,1,829,5,2,752,9,5,77,1,0,853,5,3,769,9,7,84,1,0,946,5,8,838,10,4,108,1,3,924,5,6,822,10,1,102,1,2,786,4,7,679,8,3,107,1,3,756,4,5,658,7,9,98,1,2,903,5,3,806,9,6,97,1,1,779,4,6,670,7,9,109,1,3,785,4,6,701,8,2,84,1,0
Eventos de intención no determinada,2.568,17,4,2.122,29,0,446,6,0,2.587,17,3,2.147,28,9,440,5,8,2.457,16,2,2.035,27,1,422,5,5,801,5,2,667,8,8,134,1,7,242,1,6,206,2,7,36,0,5,1,0,0,1,0,0,0,0,0,0,0,0,0,0,0,0,0,0,100,0,6,85,1,1,15,0,2,0,0,0,0,0,0,0,0,0,0,0,0,0,0,0,0,0,0,0,0,0,0,0,0,0,0,0,0,0,0,0,0,0,0,0,0,0,0,0,0,0,0,0,0,0,0,0,0,0,0,0,0,0,0,0,0,0,0,0,0,0,0,0
